{"cameraMode":{"drawMode":0,"name":"Shaded","section":"Shading Mode"},"sceneLighting":true,"audioPlay":false,"sceneViewState":{"m_AlwaysRefresh":false,"showFog":true,"showSkybox":true,"showFlares":true,"showImageEffects":true,"showParticleSystems":true,"showVisualEffectGraphs":true,"m_FxEnabled":false},"in2DMode":false,"pivot":{"x":5.420520782470703,"y":-3.52701735496521,"z":-1.148073434829712},"rotation":{"x":0.3077824115753174,"y":-0.014271070249378682,"z":0.0046171084977686409,"w":0.9513370990753174},"size":12.413290023803711,"orthographic":false}